TDSFU Daily run: Mon Oct 27 17:42:48 UTC 2025 TDSFU
TDSFU Daily run: Tue Oct 28 04:34:03 UTC 2025 TDSFU
TDSFU Daily run: Wed Oct 29 04:37:38 UTC 2025 TDSFU
TDSFU Daily run: Thu Oct 30 04:33:35 UTC 2025 TDSFU
TDSFU Daily run: Fri Oct 31 04:43:45 UTC 2025 TDSFU
TDSFU Daily run: Sat Nov  1 04:31:07 UTC 2025 TDSFU
TDSFU Daily run: Sun Nov  2 04:33:49 UTC 2025 TDSFU
TDSFU Daily run: Mon Nov  3 04:38:57 UTC 2025 TDSFU
TDSFU Daily run: Tue Nov  4 04:33:47 UTC 2025 TDSFU
TDSFU Daily run: Wed Nov  5 04:34:21 UTC 2025 TDSFU
TDSFU Daily run: Thu Nov  6 04:37:47 UTC 2025 TDSFU
TDSFU Daily run: Fri Nov  7 04:33:43 UTC 2025 TDSFU
TDSFU Daily run: Sat Nov  8 04:32:39 UTC 2025 TDSFU
TDSFU Daily run: Sun Nov  9 04:33:19 UTC 2025 TDSFU
TDSFU Daily run: Mon Nov 10 04:37:48 UTC 2025 TDSFU
